id,url,submission_url
"24-7pressrelease","https://www.24-7pressrelease.com","https://www.24-7pressrelease.com/press-release-submission-form.php"
"aapsense","https://www.apsense.com","https://www.apsense.com/submit"
"about-me","https://about.me","https://about.me/submit"
"activesearch","https://www.activesearchresults.com","https://www.activesearchresults.com/submit"
"addictive-tips","https://www.addictivetips.com/tip-us","https://www.addictivetips.com/tip-us/submit"
"ai-library","https://library.phygital.plus","https://library.phygital.plus/submit"
"alibaba","https://www.alibaba.com","https://passport.alibaba.com/mini_login.htm"
"all-software-categories-goodfirms","https://www.goodfirms.co/directories/software","https://www.goodfirms.co/directories/software/submit"
"alltopstartups-com","https://alltopstartups.com","https://alltopstartups.com/submit"
"alternativeto","http://alternativeto.net","http://alternativeto.net/submit"
"amazon-business","https://business.amazon.com","https://business.amazon.com/en/register"
"amazon-seller","https://sellercentral.amazon.com","https://sellercentral.amazon.com/ap/register"
"android-authority","https://androidauthority.com","https://androidauthority.com/submit"
"android-central","https://www.androidcentral.com","https://www.androidcentral.com/submit"
"android-headlines","https://www.androidheadlines.com","https://www.androidheadlines.com/submit"
"android-united","http://android-united.community","http://android-united.community/submit"
"angie-list","https://www.angi.com","https://www.angi.com/companyaccount/"
"apple-app-store","https://developer.apple.com","https://developer.apple.com/app-store-connect/"
"apple-maps","https://mapsconnect.apple.com","https://mapsconnect.apple.com/business"
"apple-podcasts","https://podcasts.apple.com","https://podcasters.apple.com/support/823-podcast-requirements"
"artstation","https://www.artstation.com","https://www.artstation.com/submit"
"atlassian","https://www.atlassian.com/blog/trello/trello-collection-atlassian-community","https://www.atlassian.com/blog/trello/trello-collection-atlassian-community/submit"
"awesome-tech-blogs","https://tech-blogs.dev","https://tech-blogs.dev/submit"
"band-of-entrepreneurs","https://www.linkedin.com/groups/1789386","https://www.linkedin.com/groups/1789386/submit"
"bbb","https://www.bbb.org","https://www.bbb.org/get-accredited"
"behance","http://behance.net","http://behance.net/submit"
"ben-bites-news","https://news.bensbites.com","https://news.bensbites.com/submit"
"ben-s-bites-news","http://news.bensbites.co/submit","http://news.bensbites.co/submit"
"beta-bound","https://betabound.com","https://betabound.com/submit"
"better-business-bureau","https://bbb.org","https://www.bbb.org/get-accredited"
"biggerpockets-com","https://Biggerpockets.com","https://Biggerpockets.com/submit"
"bing-places","https://www.bingplaces.com","https://www.bingplaces.com/dashboard/addlisting"
"bizapedia","https://www.bizapedia.com","https://www.bizapedia.com/claim"
"bizcommunity","https://www.bizcommunity.com/","https://www.bizcommunity.com/SubmitNews.aspx"
"biznik","https://www.biznik.com","https://www.biznik.com/members/join"
"bostinno-startups-tech-news-and-events","https://bizjournals.com","https://bizjournals.com/submit"
"brownbook","https://www.brownbook.net","https://www.brownbook.net/business/add"
"brownbook-ca","https://canada.brownbook.net","https://canada.brownbook.net/business/add"
"business-insider-india","https://www.businessinsider.in","https://www.businessinsider.in/submit"
"business-wire","https://www.businesswire.com","https://www.businesswire.com/portal/site/home/"
"canadian-business","https://www.canadianbusinessdirectory.ca","https://www.canadianbusinessdirectory.ca/add-business"
"capterra","https://www.capterra.com","https://www.capterra.com/vendors/add-product"
"chamber-commerce","https://www.uschamber.com","https://www.uschamber.com/co/directory/add"
"chrome-web-store","https://chrome.google.com","https://chrome.google.com/webstore/devconsole/register"
"cityof","https://www.cityof.com","https://www.cityof.com/add-business"
"citysearch","https://www.citysearch.com","https://www.citysearch.com/business/add"
"cnet","https://www.cnet.com/news","https://www.cnet.com/news/submit"
"codeproject","https://www.codeproject.com","https://www.codeproject.com/submit"
"crazy-about-startups","https://www.crazyaboutstartups.com","https://www.crazyaboutstartups.com/submit"
"crunchbase","https://crunchbase.com","https://crunchbase.com/submit"
"cylex","https://www.cylex.com","https://www.cylex.com/add-business"
"dealroom","https://app.dealroom.co/companies/fintern","https://app.dealroom.co/companies/fintern/submit"
"designer-news","https://designernews.co","https://designernews.co/submit"
"dev-to","https://dev.to","https://dev.to/new"
"devpost","https://devpost.com/software","https://devpost.com/software/submit"
"dexknows","https://www.dexknows.com","https://www.dexknows.com/info/addlisting"
"digg","https://digg.com","https://digg.com/submit"
"docker-hub","https://hub.docker.com","https://hub.docker.com/repository/create"
"dribbble","https://dribbble.com","https://dribbble.com/submit"
"e27","https://e27.co","https://e27.co/submit"
"ebay-business","https://www.ebay.com/business","https://www.ebay.com/sl/sell"
"ebusinesspages-com","https://www.ebusinesspages.com","https://www.ebusinesspages.com/add-business"
"einpresswire","https://www.einpresswire.com","https://www.einpresswire.com/shareholder-submit-press-release"
"engadget","http://www.engadget.com","http://www.engadget.com/submit"
"entrepreneur","https://Entrepreneur.com","https://Entrepreneur.com/submit"
"entrepreneur-s-network","https://www.linkedin.com/groups/91749","https://www.linkedin.com/groups/91749/submit"
"etsy-business","https://www.etsy.com","https://www.etsy.com/sell"
"eu-tech","https://tech.eu","https://tech.eu/submit"
"europages","https://www.europages.com","https://www.europages.com/register"
"ezlocal","https://ezlocal.com","https://ezlocal.com/add-business"
"facebook-business","https://business.facebook.com","https://www.facebook.com/pages/create"
"fast-company","https://www.fastcompany.com","https://www.fastcompany.com/submit"
"fastcompany","http://www.fastcompany.com","http://www.fastcompany.com/submit"
"fastlane-forum","https://www.thefastlaneforum.com/community","https://www.thefastlaneforum.com/community/submit"
"firefox-addons","https://addons.mozilla.org","https://addons.mozilla.org/developers/addon/submit/agreement"
"forbes-technology","http://www.forbes.com/technology","http://www.forbes.com/technology/submit"
"foursquare","https://business.foursquare.com","https://business.foursquare.com/venues/new"
"freecodecamp","https://forum.freecodecamp.org","https://forum.freecodecamp.org/submit"
"g2","http://g2.com/products/new","http://g2.com/products/new/submit"
"g2-crowd","https://www.g2.com","https://www.g2.com/products/create"
"g2crowd-com","https://g2.com","https://g2.com/submit"
"geekwire","https://Geekwire.com","https://Geekwire.com/submit"
"getapp","https://www.gartner.com/en/digital-markets/basic-listing","https://www.gartner.com/en/digital-markets/basic-listing/submit"
"github-awesome-lists","https://github.com/sindresorhus/awesome","https://github.com/sindresorhus/awesome/pulls"
"gizmodo","http://www.gizmodo.com","http://www.gizmodo.com/submit"
"glassdoor-employer","https://www.glassdoor.com/employers","https://www.glassdoor.com/employers/account/products"
"goodfirms","https://www.goodfirms.co","https://www.goodfirms.co/submit"
"google-business","https://business.google.com","https://business.google.com/create"
"google-business-profile","https://www.google.com/business","https://www.google.com/business/submit"
"google-play-store","https://developer.android.com","https://play.google.com/console/"
"guardian-technology","http://www.theguardian.com/uk/technology","http://www.theguardian.com/uk/technology/submit"
"hacker-news","https://news.ycombinator.com","https://news.ycombinator.com/submit"
"hackernews","https://news.ycombinator.com/showhn.html","https://news.ycombinator.com/showhn.html/submit"
"hackernoon","https://hackernoon.com","https://hackernoon.com/submit"
"here-places","https://places.here.com","https://developer.here.com/sign-up"
"hotnews-org","http://www.hotnews.org","http://www.hotnews.org/submit"
"houzz","https://www.houzz.com","https://www.houzz.com/professionals/signup"
"hub-spot-directory","https://ecosystem.hubspot.com","https://developers.hubspot.com/marketplace"
"huffingtonpost","http://www.huffingtonpost.com","http://www.huffingtonpost.com/submit"
"huffpost","https://www.huffpost.com","https://www.huffpost.com/submit"
"inc-magazine","https://www.inc.com","https://www.inc.com/submit"
"inc42","https://inc42.com/startup-submission","https://inc42.com/startup-submission/submit"
"indeed-company","https://employers.indeed.com","https://employers.indeed.com/p"
"infignos","https://www.infignos.com","https://www.infignos.com/add-business"
"infoworld","https://www.infoworld.com","https://www.infoworld.com/submit"
"instagram-business","https://business.instagram.com","https://business.instagram.com/getting-started"
"instapaper","https://www.instapaper.com","https://www.instapaper.com/submit"
"justdial","https://www.justdial.com","https://www.justdial.com/free-listing"
"kompass","https://www.kompass.com","https://www.kompass.com/selectcountry/?language=en&pageid=registration"
"lacartes","https://www.lacartes.com","https://www.lacartes.com/business/add"
"linkedin-company","https://www.linkedin.com/company/setup/new/","https://www.linkedin.com/company/setup/new/"
"local-business-guide","https://www.localbusinessguide.com.au","https://www.localbusinessguide.com.au/add-business/"
"localstack","https://www.localstack.com","https://www.localstack.com/biz/add-listing"
"mac-stories","http://www.macstories.net","http://www.macstories.net/submit"
"make-rs","https://make.rs","https://make.rs/submit"
"make-use-of","https://www.makeuseof.com/contributor","https://www.makeuseof.com/contributor/submit"
"makerlog","https://getmakerlog.com","https://getmakerlog.com/submit"
"makerpad","https://www.makerpad.co","https://www.makerpad.co/submit"
"makeuseof","http://www.makeuseof.com","http://www.makeuseof.com/submit"
"manta","https://www.manta.com","https://www.manta.com/claim"
"mapquest","https://www.mapquest.com","https://www.mapquest.com/business/add"
"mashable","http://mashable.com","http://mashable.com/submit"
"mashable-india","https://in.mashable.com","https://in.mashable.com/submit"
"media-index-kochava","https://media-index.kochava.com","https://media-index.kochava.com/submit"
"medium-publications","https://medium.com","https://medium.com/p/write"
"merchant-circle","https://www.merchantcircle.com","https://www.merchantcircle.com/signup"
"microsoft-appsource","https://appsource.microsoft.com","https://partner.microsoft.com/en-us/dashboard/commercial-marketplace/"
"mit-technology-review","https://www.technologyreview.com","https://www.technologyreview.com/submit"
"monster-company","https://www.monster.com","https://www.monster.com/employers/profile/create"
"mysheriff","https://www.mysheriff.com","https://www.mysheriff.com/add-business"
"n49","https://www.n49.com","https://www.n49.com/biz/new"
"nexport","https://www.nexport.com","https://www.nexport.com/add-company"
"nextdoor-business","https://business.nextdoor.com","https://business.nextdoor.com/get-started/"
"npm-registry","https://www.npmjs.com","https://www.npmjs.com/package/publish"
"nuget","https://www.nuget.org","https://www.nuget.org/packages/upload"
"opendi","https://www.opendi.com","https://www.opendi.com/add-company"
"openpr","https://www.openpr.com","https://www.openpr.com/news/submit.html"
"packagist","https://packagist.org","https://packagist.org/packages/submit"
"pc-world","https://www.pcworld.com","https://www.pcworld.com/submit"
"pcmag","https://www.pcmag.com","https://www.pcmag.com/submit"
"pinterest-business","https://business.pinterest.com","https://business.pinterest.com/business/create/"
"press-release-newswire","https://www.prnewswire.com","https://www.prnewswire.com/news-releases/"
"prfree","https://www.prfree.org","https://www.prfree.org/submit-press-release.html"
"prlog","https://www.prlog.org","https://www.prlog.org/pub/"
"product-hunt","https://www.producthunt.com","https://www.producthunt.com/posts/new"
"producthunt","https://producthunt.com","https://producthunt.com/submit"
"psychology-today","https://www.psychologytoday.com/us","https://www.psychologytoday.com/us/submit"
"pypi","https://pypi.org","https://pypi.org/manage/account/"
"quora","https://www.quora.com","https://www.quora.com/submit"
"r-advancedentrepreneur","https://www.reddit.com/r/advancedentrepreneur","https://www.reddit.com/r/advancedentrepreneur/submit"
"r-business-ideas","https://reddit.com/r/Business_Ideas","https://reddit.com/r/Business_Ideas/submit"
"r-businessideas","https://reddit.com/r/Businessideas","https://reddit.com/r/Businessideas/submit"
"r-entrepreneur","https://www.reddit.com/r/Entrepreneur","https://www.reddit.com/r/Entrepreneur/submit"
"r-entrepreneurridealong","https://www.reddit.com/r/EntrepreneurRideAlong","https://www.reddit.com/r/EntrepreneurRideAlong/submit"
"r-entrepreneurship","https://reddit.com/r/entrepreneurship","https://reddit.com/r/entrepreneurship/submit"
"r-growmybusiness","https://www.reddit.com/r/growmybusiness","https://www.reddit.com/r/growmybusiness/submit"
"r-ladybusiness","https://www.reddit.com/r/ladybusiness","https://www.reddit.com/r/ladybusiness/submit"
"r-producthunters","https://www.reddit.com/r/ProductHunters","https://www.reddit.com/r/ProductHunters/submit"
"r-smallbusiness","https://www.reddit.com/r/smallbusiness","https://www.reddit.com/r/smallbusiness/submit"
"r-technology","https://reddit.com/r/technology","https://reddit.com/r/technology/submit"
"r-venturecapital","https://reddit.com/r/VentureCapital","https://reddit.com/r/VentureCapital/submit"
"r-venturedcapital","https://reddit.com/r/VenturedCapital","https://reddit.com/r/VenturedCapital/submit"
"read-cv","http://read.cv","http://read.cv/submit"
"reddit-business","https://www.reddit.com","https://www.reddit.com/submit"
"robin-good-s-t5","http://tools.robingood.com","http://tools.robingood.com/submit"
"rubygems","https://rubygems.org","https://rubygems.org/gems/new"
"saas-ai-tools","https://saasaitools.com","https://saasaitools.com/submit"
"saasworthy","https://www.saasworthy.com","https://www.saasworthy.com/add-product"
"salesforce-appexchange","https://appexchange.salesforce.com","https://partners.salesforce.com/"
"shopify-exchange","https://partners.shopify.com","https://partners.shopify.com/signup"
"showmelocal","https://www.showmelocal.com","https://www.showmelocal.com/add-business"
"siliconangle","https://siliconangle.com","https://siliconangle.com/submit"
"sitejabber","https://www.sitejabber.com","https://www.sitejabber.com/submit"
"sitepoint-forums","https://www.sitepoint.com/community","https://www.sitepoint.com/community/submit"
"slack-app-directory","https://slack.com/apps","https://api.slack.com/apps"
"slate","https://slate.com/pitch","https://slate.com/pitch/submit"
"slide-share","https://www.slideshare.net","https://www.slideshare.net/submit"
"smashing-magazine","https://www.smashingmagazine.com","https://www.smashingmagazine.com/submit"
"softonic","https://en.softonic.com/android","https://en.softonic.com/android/submit"
"softwareworld","https://www.softwareworld.co","https://www.softwareworld.co/submit"
"solo-to","https://solo.to","https://solo.to/submit"
"sourceforge","https://sourceforge.net/software/vendors/new","https://sourceforge.net/software/vendors/new/submit"
"spoke","https://www.spoke.com","https://www.spoke.com/companies/add"
"spotify-artists","https://artists.spotify.com","https://artists.spotify.com/"
"startup-base","https://startupbase.io","https://startupbase.io/submit"
"startup-digest-more-than-just-a-newsletter-techstars","https://www.techstars.com/communities/startup-digest","https://www.techstars.com/communities/startup-digest/submit"
"stripe","https://stripe.com/en-in/partner-proqram","https://stripe.com/en-in/partner-proqram/submit"
"superpages","https://www.superpages.com","https://www.superpages.com/bp/claim-listing"
"tech-co","https://tech.co","https://tech.co/submit"
"tech-directory","http://techdirectory.io/get-listed","http://techdirectory.io/get-listed/submit"
"tech-faster","http://techfaster.com/submit-your-company","http://techfaster.com/submit-your-company/submit"
"tech-in-asia","https://www.techinasia.com/companies/create","https://www.techinasia.com/companies/create/submit"
"tech-pluto","https://techpluto.com","https://techpluto.com/submit"
"tech-time","https://time.com/section/tech","https://time.com/section/tech/submit"
"tech-tools-directory","https://www.nocode.tech/tools","https://www.nocode.tech/tools/submit"
"techboard","https://techboard.com.au","https://techboard.com.au/submit"
"techcrunch","https://techcrunch.com","https://techcrunch.com/submit"
"techdirectory","https://www.techdirectory.io","https://www.techdirectory.io/submit"
"techendo","http://techendo.com/beta","http://techendo.com/beta/submit"
"techli","https://techli.com","https://techli.com/submit"
"techlondon","https://techlondon.io","https://techlondon.io/submit"
"techmasters","https://techmasters.chat","https://techmasters.chat/submit"
"technologyadvice","https://technologyadvice.com","https://technologyadvice.com/submit"
"techpluto","http://www.techpluto.com/submit-a-startup","http://www.techpluto.com/submit-a-startup/submit"
"techrepublic","https://www.techrepublic.com","https://www.techrepublic.com/submit"
"techtarget-com","https://www.techtarget.com","https://www.techtarget.com/add-business"
"the-register-uk","http://www.theregister.co.uk","http://www.theregister.co.uk/submit"
"the-startup-inc","https://www.thestartupinc.com","https://www.thestartupinc.com/submit"
"the-verge","https://www.theverge.com","https://www.theverge.com/submit"
"the-wall-street-journal","https://www.wsj.com","https://www.wsj.com/submit"
"thomasnet","https://www.thomasnet.com","https://www.thomasnet.com/nsearch/create-free-listing"
"thumbtack","https://www.thumbtack.com","https://www.thumbtack.com/business/start"
"towards-data-science","https://towardsdatascience.com","https://towardsdatascience.com/submit"
"tripadvisor","https://www.tripadvisor.com/Owners","https://www.tripadvisor.com/Owners/Claim"
"trustpilot","https://business.trustpilot.com","https://business.trustpilot.com/signup"
"tupalo","https://www.tupalo.com","https://www.tupalo.com/add-place"
"twitter-business","https://business.twitter.com","https://business.twitter.com/en/basics/create-a-business-profile.html"
"usa-businessdirectory-cc","https://usa.businessdirectory.cc","https://usa.businessdirectory.cc/submit"
"uses-tech","https://uses.tech","https://uses.tech/submit"
"venture-beat","https://venturebeat.com","https://venturebeat.com/submit"
"venture-radar","https://www.ventureradar.com/database","https://www.ventureradar.com/database/submit"
"venture-village","http://venturevillage.eu","http://venturevillage.eu/submit"
"venturebeat-profiles","https://www.vbprofiles.com","https://www.vbprofiles.com/submit"
"waze-business","https://business.waze.com","https://www.waze.com/business/"
"webwiki","https://www.webwiki.com/info/add-website.html","https://www.webwiki.com/info/add-website.html/submit"
"whitepages","https://www.whitepages.com","https://www.whitepages.com/business/add-my-business"
"wincyspider-com","http://www.wincyspider.com","http://www.wincyspider.com/add-business"
"wired","http://www.wired.com","http://www.wired.com/submit"
"women-in-technology","http://witchat.github.io","http://witchat.github.io/submit"
"wordpress-plugin-directory","https://wordpress.org/plugins/","https://wordpress.org/plugins/developers/add/"
"wp-newsify","https://wpnewsify.com","https://wpnewsify.com/submit"
"yahoo-small-business","https://smallbusiness.yahoo.com","https://smallbusiness.yahoo.com/local-listings"
"yell","https://www.yell.com","https://www.yell.com/s/add-free-listing.html"
"yellowbot","https://www.yellowbot.com","https://www.yellowbot.com/add-business"
"yellowpages","https://www.yellowpages.com","https://listings.yellowpages.com/claim"
"yelp","https://business.yelp.com","https://business.yelp.com/signup"
"yourstory","https://yourstory.com","https://yourstory.com/submit"
"youtube-creator","https://youtube.com","https://www.youtube.com/channel_switcher"
"zapier-integrations","https://zapier.com/apps","https://developer.zapier.com/"
"zaubee","https://www.zaubee.com","https://www.zaubee.com/add-business"
"zillow","https://www.zillow.com/","https://www.zillow.com/agent-resources/"
"zipleaf","https://www.zipleaf.com","https://www.zipleaf.com/Companies/Add"
