id,name,correct_submission_url
"source-forge","Source Forge","https://sourceforge.net/submit"
"healthline","Healthline","https://healthline.com/submit"
"dev-community","DEV Community","http://dev.to/submit"
"get-app","Get App","https://www.getapp.com/submit"
"getting-smart","Getting Smart","https://www.gettingsmart.com/submit"
"software-world","Software World","https://www.softwareworld.co/submit"
"alternative-me","Alternative Me","https://alternative.me/submit"
"alternative-to","Alternative To","https://alternativeto.net/submit"
"vccircle","Vccircle","https://www.vccircle.com/company/directory/submit"
"babel-slack","Babel Slack","https://slack.babeljs.io/submit"
"f6s","F6S","https://www.f6s.com/submit"
"all-top-startups","All top startups","http://alltopstartups.com/submit-startup/submit"
"alltopstartups","AllTopStartups","https://alltopstartups.com/submit"
"financesonline-com","FinancesOnline.com","https://FinancesOnline.com/submit"
"vator","Vator","https://vator.tv/submit"
"crowd-reviews","Crowd Reviews","http://crowdreviews.com/submit"
"software-review","Software Review","https://provider.softwarereviews.com/submit"
"libhunt","Libhunt","https://www.libhunt.com/submit"
"built-in-chicago","Built in Chicago","https://www.builtinchicago.org/contact/send_us_tip/submit"
"cloud-native-computing-foundation","Cloud Native Computing Foundation","https://slack.cncf.io/submit"
"trustradius","TrustRadius","http://trustradius.com/submit"
"startups-uk","Startups UK","https://startups.co.uk/submit"
"all-top","All Top","https://alltop.com/submit"
"tekpon","Tekpon","http://tekpon.com/get-listed/submit"
"site-jabber","Site Jabber","https://sitejabber.com/submit"
"cool-mom-picks","Cool mom picks","https://coolmompicks.com/submit"
"dang","Dang","http://dang.ai/submit"
"eu-startups-database","EU-Startups Database","https://www.eu-startups.com/directory/submit"
"growth-hackers","Growth hackers","https://community.growthhackers.com/submit"
"startupranking","StartupRanking","https://www.startupranking.com/submit"
"list-your-software-get-qualified-leads","List Your Software & Get Qualified Leads","https://www.softwareadvice.com/vendors/submit"
"springwise","Springwise","https://springwise.com/submit"
"startup-grind","Startup Grind","https://www.startupgrind.com/submit"
"bunity","Bunity","https://www.bunity.com/submit"
"foundr","Foundr","https://Foundr.com/submit"
"saastr","SaaStr","https://www.saastr.com/submit"
"unboxing-startups","Unboxing Startups","https://unboxingstartups.com/contact/submit"
"tricky-enough","Tricky Enough","https://www.trickyenough.com/submit"
"appsumo","AppSumo","https://sell.appsumo.com/submit"
"cloud-foundry","Cloud Foundry","https://slack.cloudfoundry.org/submit"
"killerstartups","Killerstartups","https://killerstartups.com/submit"
"betalist","Betalist","http://betalist.com/submit"
"all-my-faves","All my faves","https://allmyfaves.com/submit"
"famous-ai-tools","Famous AI Tools","https://famousaitools.ai/submit"
"startupxplore","Startupxplore","https://startupxplore.com/en/startups/submit"
"slant","Slant","http://slant.co/submit"
"uplabs","Uplabs","https://www.uplabs.com/submit"
"webrazzi","Webrazzi","http://webrazzi.com/en/startup-form/submit"
"people-ops-hr-community","People Ops & HR Community","https://lattice.com/community/rfh/submit"
"saas-tools","SaaS Tools","https://saasaitools.com/submit"
"eu-startups","EU startups","https://eu-startups.com/submit"
"hotfrog","hotfrog","https://www.hotfrog.com/submit"
"slant-co","Slant.co","https://www.slant.co/submit"
"stackshare","StackShare","https://stackshare.io/submit"
"devhunt","Devhunt","https://devhunt.org/submit"
"mind-the-product","Mind the product","http://slack.mindtheproduct.com/submit"
"data-quest","Data Quest","https://www.dataquest.io/chat/submit"
"wip","WIP","http://wip.co/projects/new/submit"
"nextbigwhat","NextBigWhat","https://nextbigwhat.com/submit"
"fivetaco","FiveTaco","http://fivetaco.com/submit"
"indiehackers","Indiehackers","https://www.indiehackers.com/submit"
"changelog","Changelog","https://changelog.com/news/submit"
"product-school","Product School","https://www.productschool.com/slack-community/submit"
"ai-tool-guru","AI TOOL GURU","https://aitoolguru.com/submit"
"tracxn","Tracxn","https://tracxn.com/submit"
"nocodedevs","NoCodeDevs","https://www.nocodedevs.com/submit"
"nocodefounders","NoCodeFounders","https://nocodefounders.com/submit"
"software-suggest","Software Suggest","https://www.softwaresuggest.com/vendors/submit"
"cofounderslab","CoFoundersLab","https://cofounderslab.com/submit"
"devdojo","DevDojo","https://devdojo.com/submit"
"snap-munk","Snap Munk","https://startups.snapmunk.com/submit"
"betabound","Betabound","https://betabound.com/submit"
"serchen","Serchen","https://www.serchen.com/get-listed/submit"
"netted","Netted","http://netted.net/contact-us/submit"
"devrant","devRant","https://devrant.com/submit"
"web-design-inspiration","Web Design Inspiration","https://webdesign-inspiration.com/submit"
"pitchwall","PitchWall","https://pitchwall.co/submit"
"startup-stash","Startup Stash","https://startupstash.com/add-listing/submit"
"starter-story","Starter Story","https://www.starterstory.com/submit"
"lobsters","Lobsters","https://lobste.rs/submit"
"elpha","Elpha","https://elpha.com/submit"
"ecommercefuel","eCommerceFuel","https://www.ecommercefuel.com/submit"
"launchingnext","LaunchingNext","https://www.launchingnext.com/submit"
"sideprojectors","SideProjectors","https://www.sideprojectors.com/submit"
"indie-hackers","Indie Hackers","https://indiehackers.com/submit"
"bigstartups","BigStartups","https://bigstartups.co/submit"
"insidr-ai-tools","Insidr AI Tools","http://insidr.ai/submit-tools/submit"
"workspaces","Workspaces","http://workspaces.xyz/submit-a-workspace-workspaces/submit"
"thingtesting","Thingtesting","https://thingtesting.com/submit-brand/submit"
"land-book","Land Book","https://land-book.com/submit"
"cabinet-m","Cabinet M","https://cabinetm.com/submit"
"mars-ai-directory","Mars AI Directory","http://marsx.dev/ai-startups/submit"
"startup-buffer","Startup Buffer","http://startupbuffer.com/submit"
"there-s-an-ai-for-that","There's An AI For That","https://theresanaiforthat.com/submit"
"tiny-startups","Tiny Startups","http://tally.so/r/wMzP8X/submit"
"real-world-beta-testing","Real World Beta Testing","https://betatesting.com/beta-testing/submit"
"remote-tools","Remote Tools","https://www.remote.tools/submit"
"buffer-apps","Buffer apps","https://www.bufferapps.com/submit"
"product-hq","Product HQ","https://www.productmanagerhq.com/join-the-community/submit"
"sidebar-io","Sidebar.io","https://Sidebar.io/submit"
"webcatalog","webcatalog","https://webcatalog.io/en/apps/submit"
"online-geniuses","Online Geniuses","https://onlinegeniuses.com/marketplace/submit"
"superb-crew","Superb Crew","http://www.superbcrew.com/submit"
"future-startup","Future Startup","https://futurestartup.com/submit"
"futurepedia","Futurepedia","https://www.futurepedia.io/submit"
"find-gift","Find Gift","https://www.findgift.com/submit"
"phygital","Phygital","https://library.phygital.plus/submit"
"saas-hub","SaaS Hub","https://Saashub.com/submit"
"saas-worthy","SaaS Worthy","https://www.saasworthy.com/submit"
"landing-folio","Landing Folio","https://www.landingfolio.com/submit"
"saashub","SaaSHub","http://saashub.com/submit"
"hcilab","Hcilab","http://Hcilab.org/ai-tools-directory/submit"
"launching-next","Launching Next","http://launchingnext.com/submit"
"fyple","fyple","https://www.fyple.com/submit"
"supertools","Supertools","https://supertools.therundown.ai/submit"
"startup-lister","startup lister","https://startuplister.com/submit"
"buildspace","buildspace","https://sage.buildspace.so/submit"
"web-tools-weekly","Web Tools Weekly","http://webtoolsweekly.com/submit"
"topai-tools","TopAI.tools","https://topai.tools/submit"
"submit-a-startup","Submit A Startup","http://thetechpanda.com/submit-a-startup/submit"
"openalternative","OpenAlternative","http://openalternative.co/submit"
"classical-finance","Classical Finance","https://www.classicalfinance.com/your-story/submit"
"the-startup-pitch","The Startup Pitch","https://thestartuppitch.com/submit"
"dang-ai","dang ai","https://dang.ai/submit"
"admire-the-web","Admire The Web","https://www.admiretheweb.com/submit"
"aixploria","AIxploria","https://www.aixploria.com/en/add-ai/submit"
"top-apps","Top Apps","https://topapps.ai/submit"
"foundr-ai","Foundr.ai","https://foundr.ai/submit"
"toolify","Toolify","https://www.toolify.ai/submit"
"ctrl-alt","Ctrl Alt","https://ctrlalt.cc/submit"
"romanian-startups","Romanian Startups","https://www.romanianstartups.com/submit"
"startup-tracker","Startup Tracker","https://startuptracker.io/submit"
"future-tools","Future Tools","https://www.futuretools.io/submit"
"startups-list","Startups List","https://www.startups-list.com/submit"
"startup88","Startup88","https://startup88.com/submit"
"top-similar-sites","Top Similar Sites","http://www.topsimilarsites.com/add.aspx/submit"
"vic-trays","Vic Trays","https://victrays.com/submit"
"promotehour","Promotehour","https://promotehour.com/submit"
"robingood","RobinGood","https://tools.robingood.com/submit"
"startuplister","Startuplister","http://startuplister.com/submit"
"robin-good-s-tools","Robin Good's Tools","http://tools.robingood.com/submit"
"new-startups","New Startups","http://new-startups.com/submit"
"no-code-founders","No Code Founders","https://nocodefounders.com/startups/submit"
"peerlist","Peerlist","https://peerlist.io/submit"
"ios-developers","iOS Developers","https://ios-developers.io/submit"
"product-led-alliance","Product-Led Alliance","https://www.productledalliance.com/submit"
"hive-index","Hive Index","https://thehiveindex.com/submit"
"genz-vcs","GenZ VCs","https://www.genzvcs.com/join-us/submit"
"getworm-com","Getworm.com","https://getworm.com/submit"
"allthingsai","AllThingsAI","https://allthingsai.com/submit"
"creative-tribes","Creative Tribes","http://creativetribes.co/submit"
"founderio","founderio","https://www.founderio.com/submit"
"appsthunder","Appsthunder","https://appsthunder.com/submit"
"digital-marketing-hints","Digital Marketing Hints","https://ads.digitalmarketinghints.com/submit"
"spectacle","Spectacle","https://spectacle.is/submit"
"webapprater","Webapprater","https://webapprater.com/submit"
"startup-inspiration","Startup inspiration","https://www.startupinspire.com/submit"
"inspiration-gallery-for-startups","Inspiration gallery for startups","http://startupinspire.com/startups/submit"
"startuptabs","Startuptabs","http://startuptabs.com/submit"
"worm","Worm","https://getworm.com/submit-startup/submit"
"startups-watch","Startups.watch","https://startups.watch/submit"
"allthingsai-com","Allthingsai.com","http://Allthingsai.com/submit"
"front-end-developers","Front-End Developers","http://frontenddevelopers.org/submit"
"9sites-net","9Sites.net","https://www.9sites.net/addurl.php/submit"
"startup-collections","Startup Collections","http://startupcollections.com/submit"
"aitools-fyi","aitools.fyi","https://aitools.fyi/submit"
"easy-with-ai","Easy With AI","https://easywithai.com/submit"
"phygital-plus","Phygital.plus","http://library.phygital.plus/submit"
"indiehackerstacks","IndieHackerStacks","http://indiehackerstacks.com/submit"
"startup-inspire","Startup Inspire","http://startupinspire.com/dashboard/startup/create/submit"
"easywithai-com","Easywithai.com","http://Easywithai.com/submit"
"ai-toolkit","AI Toolkit","https://www.aitoolkit.org/submit"
"landscape","Landscape","https://www.landscape.vc/community/submit"
"ai-scout","AI Scout","https://aiscout.net/submit"
"opentools","OpenTools","https://opentools.ai/submit"
"unita","Unita","https://www.unita.co/submit"
"ai-mojo","AI Mojo","https://aimojo.pro/submit"
"owwly","Owwly","https://owwly.com/submit"
"startup-spotlight","Startup Spotlight","http://tally.so/r/nrLJRp/submit"
"the-startup-project","The Startup Project","https://www.startupproject.org/submit"
"ai-tool-hunt","Ai Tool Hunt","https://www.aitoolhunt.com/submit"
"fazier-com","Fazier.com","https://fazier.com/submit"
"startupbase","Startupbase","https://startupbase.io/submit"
"remotely-one","Remotely One","https://www.remotelyone.com/submit"
"aitoptools","AITopTools","https://aitoptools.com/submit"
"aitoptools-com","AItoptools.com","http://AItoptools.com/submit"
"nocodelist","NoCodeList","https://nocodelist.co/submit"
"ai-center","AI Center","https://aicenter.ai/?/submit"
"toolpilot-ai","ToolPilot AI","https://www.toolpilot.ai/submit"
"launched","Launched!","https://launched.io/submit"
"fuse-kiwi","Fuse.kiwi","https://www.fuse.kiwi/submit"
"nocode-devs","Nocode Devs","https://www.nocodedevs.com/browse-the-directory/submit"
"startups-fyi","Startups .fyi","http://tally.so/r/3lOGLk/submit"
"favird-com","Favird.com","http://favird.com/submit"
"kernal","Kernal","https://kern.al/submit"
"findmyaitool","FindMyAITool","https://findmyaitool.com/submit"
"alternatives-co","Alternatives.Co","https://alternatives.co/software/ai-tools/submit"
"ai-finder","AI Finder","https://ai-finder.net/submit"
"gpte","GPTE","https://gpte.ai/submit"
"seoul-startups","SEOUL Startups","https://www.seoulstartups.com/submit"
"textify","TEXTIFY","https://textify.ai/directory/submit"
"tool-scout","Tool Scout","https://toolscout.ai/submit"
"ilib-com","iLib.com","https://www.ilib.com/submit"
"firebase","Firebase","https://firebase-community.appspot.com/submit"
"promote-project","Promote Project","https://promoteproject.com/submit"
"uneed","Uneed","https://www.uneed.best/submit-a-tool/submit"
"appiod-com","Appiod.com","http://appiod.com/submit-app-for-review/submit"
"awesomeindie","AwesomeIndie","https://awesomeindie.com/submit"
"uneed-best","Uneed.best","https://www.uneed.best/submit"
"beta-candy","beta candy","https://betacandy.com/submit"
"startup-europe","Startup Europe","http://startupeurope.net/submit"
"startup-chat","Startup Chat","https://community.startup.foundation/c/latest/submit"
"startup-growth-hub-by-projectium","Startup Growth Hub by Projectium","https://discadia.com/projectium-network/submit"
"saas-founders-build-scale","SaaS Founders - Build & Scale","https://www.facebook.com/groups/saasfoundersnetwork/submit"
"saas-growth-hacks","SaaS Growth Hacks","https://www.facebook.com/groups/SaaSgrowthhacking/submit"
"saas-mantra","SaaS Mantra","https://www.facebook.com/groups/saasmantra/submit"
"saas-products-marketing","SaaS Products & Marketing","https://www.facebook.com/groups/saasproductsandmarketing/submit"
"scaling-saas-founders","Scaling SaaS Founders","https://www.facebook.com/groups/2044902829088090/submit"
"the-startup-chat-mastermind-group","The Startup Chat Mastermind Group","https://www.facebook.com/groups/TheStartupChat/submit"
"executive-suite","Executive Suite","https://www.linkedin.com/groups/1426/submit"
"on-startups","On Startups","https://www.linkedin.com/groups/2877/submit"
"startup-specialists-group","Startup Specialists Group","https://www.linkedin.com/groups/56766/submit"
"r-alphaandbetausers","/r/alphaandbetausers/","https://www.reddit.com/r/alphaandbetausers/submit"
"r-roastmystartup","/r/roastmystartup","https://www.reddit.com/r/roastmystartup/submit"
"r-saas","/r/SaaS","https://www.reddit.com/r/SaaS/submit"
"r-sideproject","/r/sideproject","https://www.reddit.com/r/SideProject/submit"
"r-startup","/r/Startup","https://www.reddit.com/r/startup/submit"
"r-sweatystartup","/r/sweatystartup/","https://www.reddit.com/r/sweatystartup/submit"
"r-plugyourproduct","/r/Plugyourproduct/","https://www.reddit.com/r/plugyourproduct/submit"
"r-thesidehustle","/r/thesidehustle/","https://reddit.com//r/thesidehustle/submit"
"r-advertising","r/Advertising","https://reddit.com/r/Advertising/submit"
"r-artificialinteligence","r/ArtificialInteligence/","https://www.reddit.com/r/ArtificialInteligence/submit"
"r-askmarketing","r/AskMarketing","https://reddit.com/r/AskMarketing/submit"
"r-automate","r/Automate","https://www.reddit.com/r/Automate/submit"
"r-betatests","r/betatests","https://www.reddit.com/r/betatests/submit"
"r-coding","r/coding","https://www.reddit.com/r/coding/submit"
"r-coupons","r/coupons","https://Reddit.com/r/coupons/submit"
"r-design","r/design","https://reddit.com/r/design/submit"
"r-design-critiques","r/design_critiques/","https://www.reddit.com/r/design_critiques/submit"
"r-devops","r/devops","https://www.reddit.com/r/devops/submit"
"r-digitalmarketing","r/DigitalMarketing","https://www.reddit.com/r/DigitalMarketing/submit"
"r-dotcom","r/DotCom","https://www.reddit.com/r/DotCom/submit"
"r-ecommerce","r/eCommerce","https://reddit.com/r/eCommerce/submit"
"r-emailmarketing","r/EmailMarketing","https://reddit.com/r/EmailMarketing/submit"
"r-frontend","r/frontend","https://reddit.com/r/frontend/submit"
"r-growinpublic","r/growinpublic","https://www.reddit.com/r/growinpublic/submit"
"r-growthhacking","r/GrowthHacking","https://reddit.com/r/GrowthHacking/submit"
"r-imadethis","r/IMadeThis","https://www.reddit.com/r/IMadeThis/submit"
"r-indiebiz","r/indiebiz","https://www.reddit.com/r/indiebiz/submit"
"r-indiehackers","r/indiehackers","https://www.reddit.com/r/indiehackers/submit"
"r-indieproducts","r/indieproducts","https://www.reddit.com/r/indieproducts/submit"
"r-internetisbeautiful","r/InternetIsBeautiful/","https://www.reddit.com/r/InternetIsBeautiful/submit"
"r-marketing","r/Marketing","https://reddit.com/r/marketing/submit"
"r-microsaas","r/microsaas","https://www.reddit.com/r/microsaas/submit"
"r-nichewebsites","r/NicheWebsites/","https://www.reddit.com/r/NicheWebsites/submit"
"r-nocode","r/nocode/","https://www.reddit.com/r/nocode/submit"
"r-nocodesaas","r/NoCodeSaaS/","https://reddit.com/r/NoCodeSaaS/submit"
"r-productmanagement","r/ProductManagement","https://www.reddit.com/r/ProductManagement/submit"
"r-programming","r/programming","https://reddit.com/r/programming/submit"
"r-retail","r/Retail","https://reddit.com/r/Retail/submit"
"r-sales","r/Sales","https://reddit.com/r/Sales/submit"
"r-socialpreneur","r/Socialpreneur","https://www.reddit.com/r/Socialpreneur/submit"
"r-software","r/software","https://www.reddit.com/r/software/submit"
"r-startup-ideas","r/Startup_Ideas","https://www.reddit.com/r/Startup_Ideas/submit"
"r-startup-resources","r/startup_resources","https://reddit.com/r/startup_resources/submit"
"r-startups","r/startups","https://www.reddit.com/r/startups/submit"
"r-streetwearstartup","r/streetwearstartup","https://reddit.com/r/streetwearstartup/submit"
"r-testmyapp","r/testmyapp","https://www.reddit.com/r/TestMyApp/submit"
"r-userexperience","r/userexperience","https://reddit.com/r/userexperience/submit"
"r-webdesign","r/webdesign","https://reddit.com/r/webdesign/submit"
"r-webdev","r/webdev","https://www.reddit.com/r/webdev/submit"
"r-webmarketing","r/WebMarketing","https://reddit.com/r/WebMarketing/submit"
"all-startups","All Startups","https://www.allstartups.info/submit"
"app-rater","App Rater","https://apprater.net/add/submit"
"beta-list","Beta List","https://betalist.com/submit"
"beta-page","Beta Page","https://betapage.co/submit"
"betafy","Betafy","https://betafy.co/home/submit"
"creatorbase","Creatorbase","https://www.creatorbase.xyz/submit"
"crunch-base","Crunch Base","https://www.crunchbase.com/#/home/index/submit"
"founderbeats","FounderBeats","https://founderbeats.com/submit"
"growth-junkie","Growth Junkie","https://growthjunkie.com/submit"
"hackerspad","Hackerspad","https://hackerspad.net/submit"
"index-co","Index.co","https://index.co/submit"
"killer-startups","Killer Startups","https://www.killerstartups.com/submit-startup/submit"
"next-big-product","Next Big Product","http://nextbigproduct.net/product-submission/submit"
"next-big-what","Next Big What","http://nextbigwhat.com/submit"
"open-startup","Open Startup","https://openstartup.tm/submit"
"project-hatch","Project Hatch","https://www.projecthatch.co/your-story/submit"
"saasified","Saasified","https://saasified.co/submit"
"show-hn","Show HN","https://news.ycombinator.com/show/submit"
"side-projectors","Side Projectors","https://www.sideprojectors.com/#/submit"
"side-projects","Side Projects","https://sideprojects.net/submit"
"snapmunk","SnapMunk","https://www.snapmunk.com/submit-your-startup/submit"
"startup-deals","Startup Deals","https://www.startupdeals.tech/submit"
"startup-lift","Startup Lift","http://www.startuplift.com/submit"
"startupguys","StartupGuys","https://www.startupguys.net/submit"
"tools-for-creators","Tools for Creators","https://toolsforcreators.co/submit"
"glassdoor","Glassdoor","https://www.glassdoor.com/employers/post-job"
"healthgrades","Healthgrades","https://www.healthgrades.com/provider/join"
"avvo","Avvo","https://www.avvo.com/lawyers/join"
"gust-com","Gust","https://www.gust.com/add-business"
"owler-com","Owler","https://www.owler.com/add-business"
"local-com","Local.com","https://www.local.com/add-business"
"yext-com","Yext","https://www.yext.com/add-business"
"directory-company-com","Company.com Directory","https://directory.company.com/add-business"
"local-listings-data-axle-com","Data Axle Local Listings","https://local-listings.data-axle.com/add-business"
"cybo-com","Cybo","https://www.cybo.com/add-business"
"finduslocal-com","FindUsLocal","https://www.finduslocal.com/add-business"
"cityfos-com","CityFos","https://www.cityfos.com/add-business"
"linkcentre-com","LinkCentre","https://www.linkcentre.com/add-business"
"de-biznet-us-com","BizNet US","https://de.biznet-us.com/add-business"
"getfreelisting-com","GetFreeListing","https://www.getfreelisting.com/add-business"
"gomylocal-com","GoMyLocal","https://www.gomylocal.com/add-business"
"ecity-com","eCity","https://www.ecity.com/add-business"
"igotbiz-com","IGotBiz","https://www.igotbiz.com/add-business"
"directorycave-com","DirectoryCave","http://directorycave.com/add-business"
"directorytag-com","DirectoryTag","http://directorytag.com/add-business"
"linkroo-com","LinkRoo","http://linkroo.com/add-business"
"d-i-r-com","D-I-R","http://d-i-r.com/add-business"
"easylinklist-com","EasyLinkList","http://easylinklist.com/add-business"
"linkdevils-com","LinkDevils","http://linkdevils.com/add-business"
"linknthink-com","LinkNThink","http://linknthink.com/add-business"
"directorydudes-com","DirectoryDudes","http://directorydudes.com/add-business"
"alistsites-com","AListSites","http://www.alistsites.com/add-business"
"alistdirectory-com","AListDirectory","http://alistdirectory.com/add-business"
"baikalglobal-com","BaikalGlobal","http://baikalglobal.com/add-business"
"247webdirectory-com","247WebDirectory","http://www.247webdirectory.com/add-business"
"pakranks-com","PakRanks","http://pakranks.com/add-business"
"onlinesociety-org","OnlineSociety","http://onlinesociety.org/submit"
"loadspy-com","LoadSpy","http://loadspy.com/add-business"
"wldirectory-com","WLDirectory","http://wldirectory.com/add-business"
"weboworld-com","WebOWorld","http://www.weboworld.com/add-business"
"usgeo-org","USGeo","http://www.usgeo.org/submit"
"hdvconnect-com","HDVConnect","http://hdvconnect.com/add-business"
"usalistingdirectory-com","USAListingDirectory","http://www.usalistingdirectory.com/add-business"
"socialcliff-com","SocialCliff","http://www.socialcliff.com/add-business"
"ecctrade-com","ECCTrade","http://www.ecctrade.com/add-business"
"web-directory-site-com","Web Directory Site","http://www.web-directory-site.com/add-business"
"elephantdirectory-com","ElephantDirectory","http://www.elephantdirectory.com/add-business"
"dn2i-com","DN2I","http://www.dn2i.com/add-business"
"joinsociety-com","JoinSociety","http://www.joinsociety.com/add-business"
"everbestlinks-com","EverBestLinks","http://www.everbestlinks.com/add-business"
"freeprwebdirectory-com","FreePRWebDirectory","http://www.freeprwebdirectory.com/add-business"
"zocdoc-com","Zocdoc","https://www.zocdoc.com/add-business"
"doctor-webmd-com","WebMD Provider Directory","https://doctor.webmd.com/add-business"
"vitals-com","Vitals","https://www.vitals.com/add-business"
"ratemds-com","RateMDs","https://www.ratemds.com/add-business"
"findatopdoc-com","FindATopDoc","https://www.findatopdoc.com/add-business"
"docspot-com","DocSpot","https://www.docspot.com/add-business"
"healthprofs-com","HealthProfs","https://www.healthprofs.com/add-business"
"justia-com","Justia","https://www.justia.com/add-business"
"lawyers-findlaw-com","FindLaw","https://lawyers.findlaw.com/add-business"
"martindale-com","Martindale-Hubbell","https://www.martindale.com/add-business"
"superlawyers-com","Super Lawyers","https://www.superlawyers.com/add-business"
"nolo-com","Nolo","https://www.nolo.com/lawyers/submit"
"americanbar-org","LawyerLocator","https://www.americanbar.org/groups/legal_services/flh-home/submit"
"realtor-com","Realtor.com","https://www.realtor.com/add-business"
"trulia-com","Trulia","https://www.trulia.com/add-business"
"redfin-com","Redfin","https://www.redfin.com/add-business"
"century21-com","Century21","https://www.century21.com/add-business"
"coldwellbanker-com","Coldwell Banker","https://www.coldwellbanker.com/add-business"
"remax-com","RE/MAX","https://www.remax.com/add-business"
"angel-co","AngelList","https://angel.co/submit"
"github-com","GitHub","https://github.com/add-business"
"stackoverflow-com","Stack Overflow Jobs","https://stackoverflow.com/jobs/submit"
"dice-com","Dice","https://www.dice.com/add-business"
"cars-com","Cars.com","https://www.cars.com/add-business"
"autotrader-com","AutoTrader","https://www.autotrader.com/add-business"
"cargurus-com","CarGurus","https://www.cargurus.com/add-business"
"edmunds-com","Edmunds","https://www.edmunds.com/add-business"
"kbb-com","KBB","https://www.kbb.com/add-business"
"yellowbot-com","YellowBot","https://www.yellowbot.com/add-business"
"localstack-com","LocalStack","https://www.localstack.com/add-business"
"chamberofcommerce-com","ChamberofCommerce.com","https://www.chamberofcommerce.com/add-business"
"yellowpagecity-com","YellowPageCity","https://www.yellowpagecity.com/add-business"
"localdatabase-com","LocalDatabase","https://www.localdatabase.com/add-business"
"citysearch-com","CitySearch","http://www.citysearch.com/add-business"
"merchantcircle-com","MerchantCircle","https://www.merchantcircle.com/add-business"
"whitepages-com","WhitePages","https://www.whitepages.com/add-business"
"superpages-com","Superpages","https://www.superpages.com/add-business"
"dexknows-com","DexKnows","https://www.dexknows.com/add-business"
"theknot-com","The Knot","https://www.theknot.com/add-business"
"weddingwire-com","WeddingWire","https://www.weddingwire.com/add-business"
"zola-com","Zola","https://www.zola.com/add-business"
"homeadvisor-com","HomeAdvisor","https://www.homeadvisor.com/add-business"
"thumbtack-com","Thumbtack","https://www.thumbtack.com/add-business"
"taskrabbit-com","TaskRabbit","https://www.taskrabbit.com/add-business"
"tripadvisor-com","TripAdvisor","https://www.tripadvisor.com/add-business"
"booking-com","Booking.com","https://www.booking.com/add-business"
"expedia-com","Expedia","https://www.expedia.com/add-business"
"24-7pressrelease","24-7PressRelease","https://www.24-7pressrelease.com/press-release-submission-form.php"
"aapsense","Aapsense","https://www.apsense.com/submit"
"about-me","about me","https://about.me/submit"
"activesearch","ActiveSearch","https://www.activesearchresults.com/submit"
"addictive-tips","Addictive Tips","https://www.addictivetips.com/tip-us/submit"
"ai-library","AI Library","https://library.phygital.plus/submit"
"alibaba","Alibaba.com","https://passport.alibaba.com/mini_login.htm"
"all-software-categories-goodfirms","All Software Categories - GoodFirms","https://www.goodfirms.co/directories/software/submit"
"alltopstartups-com","Alltopstartups.com","https://alltopstartups.com/submit"
"alternativeto","AlternativeTo","http://alternativeto.net/submit"
"amazon-business","Amazon Business","https://business.amazon.com/en/register"
"amazon-seller","Amazon Seller Central","https://sellercentral.amazon.com/ap/register"
"android-authority","Android Authority","https://androidauthority.com/submit"
"android-central","Android Central","https://www.androidcentral.com/submit"
"android-headlines","Android Headlines","https://www.androidheadlines.com/submit"
"android-united","Android United","http://android-united.community/submit"
"angie-list","Angie's List (Angi)","https://www.angi.com/companyaccount/"
"apple-app-store","Apple App Store","https://developer.apple.com/app-store-connect/"
"apple-maps","Apple Maps Connect","https://mapsconnect.apple.com/business"
"apple-podcasts","Apple Podcasts","https://podcasters.apple.com/support/823-podcast-requirements"
"artstation","ArtStation","https://www.artstation.com/submit"
"atlassian","Atlassian","https://www.atlassian.com/blog/trello/trello-collection-atlassian-community/submit"
"awesome-tech-blogs","Awesome Tech Blogs","https://tech-blogs.dev/submit"
"band-of-entrepreneurs","Band of Entrepreneurs","https://www.linkedin.com/groups/1789386/submit"
"bbb","Better Business Bureau","https://www.bbb.org/get-accredited"
"behance","Behance","http://behance.net/submit"
"ben-bites-news","Ben Bites News","https://news.bensbites.com/submit"
"ben-s-bites-news","Ben's Bites News","http://news.bensbites.co/submit"
"beta-bound","Beta Bound","https://betabound.com/submit"
"better-business-bureau","Better Business Bureau","https://www.bbb.org/get-accredited"
"biggerpockets-com","Biggerpockets.com","https://Biggerpockets.com/submit"
"bing-places","Bing Places for Business","https://www.bingplaces.com/dashboard/addlisting"
"bizapedia","Bizapedia","https://www.bizapedia.com/claim"
"bizcommunity","Bizcommunity","https://www.bizcommunity.com/SubmitNews.aspx"
"biznik","Biznik","https://www.biznik.com/members/join"
"bostinno-startups-tech-news-and-events","BostInno Startups, Tech News and Events","https://bizjournals.com/submit"
"brownbook","Brownbook","https://www.brownbook.net/business/add"
"brownbook-ca","Brownbook Canada","https://canada.brownbook.net/business/add"
"business-insider-india","Business Insider India","https://www.businessinsider.in/submit"
"business-wire","Business Wire","https://www.businesswire.com/portal/site/home/"
"canadian-business","Canadian Business Directory","https://www.canadianbusinessdirectory.ca/add-business"
"capterra","Capterra","https://www.capterra.com/vendors/add-product"
"chamber-commerce","US Chamber of Commerce","https://www.uschamber.com/co/directory/add"
"chrome-web-store","Chrome Web Store","https://chrome.google.com/webstore/devconsole/register"
"cityof","CityOf","https://www.cityof.com/add-business"
"citysearch","Citysearch","https://www.citysearch.com/business/add"
"cnet","CNET","https://www.cnet.com/news/submit"
"codeproject","CodeProject","https://www.codeproject.com/submit"
"crazy-about-startups","Crazy About Startups","https://www.crazyaboutstartups.com/submit"
"crunchbase","Crunchbase","https://crunchbase.com/submit"
"cylex","Cylex","https://www.cylex.com/add-business"
"dealroom","DealRoom","https://app.dealroom.co/companies/fintern/submit"
"designer-news","Designer News","https://designernews.co/submit"
"dev-to","DEV Community","https://dev.to/new"
"devpost","Devpost","https://devpost.com/software/submit"
"dexknows","DexKnows Business Directory","https://www.dexknows.com/info/addlisting"
"digg","Digg","https://digg.com/submit"
"docker-hub","Docker Hub","https://hub.docker.com/repository/create"
"dribbble","Dribbble","https://dribbble.com/submit"
"e27","e27","https://e27.co/submit"
"ebay-business","eBay Business","https://www.ebay.com/sl/sell"
"ebusinesspages-com","eBusiness Pages","https://www.ebusinesspages.com/add-business"
"einpresswire","EIN Presswire","https://www.einpresswire.com/shareholder-submit-press-release"
"engadget","Engadget","http://www.engadget.com/submit"
"entrepreneur","Entrepreneur","https://Entrepreneur.com/submit"
"entrepreneur-s-network","Entrepreneur's network","https://www.linkedin.com/groups/91749/submit"
"etsy-business","Etsy","https://www.etsy.com/sell"
"eu-tech","EU Tech","https://tech.eu/submit"
"europages","Europages","https://www.europages.com/register"
"ezlocal","EZLocal","https://ezlocal.com/add-business"
"facebook-business","Facebook Business","https://www.facebook.com/pages/create"
"fast-company","Fast Company","https://www.fastcompany.com/submit"
"fastcompany","Fastcompany","http://www.fastcompany.com/submit"
"fastlane-forum","Fastlane Forum","https://www.thefastlaneforum.com/community/submit"
"firefox-addons","Firefox Add-ons","https://addons.mozilla.org/developers/addon/submit/agreement"
"forbes-technology","Forbes Technology","http://www.forbes.com/technology/submit"
"foursquare","Foursquare for Business","https://business.foursquare.com/venues/new"
"freecodecamp","FreeCodeCamp","https://forum.freecodecamp.org/submit"
"g2","G2","http://g2.com/products/new/submit"
"g2-crowd","G2","https://www.g2.com/products/create"
"g2crowd-com","G2crowd.com","https://g2.com/submit"
"geekwire","Geekwire","https://Geekwire.com/submit"
"getapp","GetApp","https://www.gartner.com/en/digital-markets/basic-listing/submit"
"github-awesome-lists","GitHub Awesome Lists","https://github.com/sindresorhus/awesome/pulls"
"gizmodo","Gizmodo","http://www.gizmodo.com/submit"
"glassdoor-employer","Glassdoor for Employers","https://www.glassdoor.com/employers/account/products"
"goodfirms","GoodFirms","https://www.goodfirms.co/submit"
"google-business","Google Business Profile","https://business.google.com/create"
"google-business-profile","Google Business Profile","https://www.google.com/business/submit"
"google-play-store","Google Play Store","https://play.google.com/console/"
"guardian-technology","Guardian Technology","http://www.theguardian.com/uk/technology/submit"
"hacker-news","Hacker News","https://news.ycombinator.com/submit"
"hackernews","HackerNews","https://news.ycombinator.com/showhn.html/submit"
"hackernoon","HackerNoon","https://hackernoon.com/submit"
"here-places","HERE Places","https://developer.here.com/sign-up"
"hotnews-org","HotNews","http://www.hotnews.org/submit"
"houzz","Houzz","https://www.houzz.com/professionals/signup"
"hub-spot-directory","HubSpot App Marketplace","https://developers.hubspot.com/marketplace"
"huffingtonpost","Huffingtonpost","http://www.huffingtonpost.com/submit"
"huffpost","HuffPost","https://www.huffpost.com/submit"
"inc-magazine","Inc. Magazine","https://www.inc.com/submit"
"inc42","Inc42","https://inc42.com/startup-submission/submit"
"indeed-company","Indeed Company Pages","https://employers.indeed.com/p"
"infignos","Infignos","https://www.infignos.com/add-business"
"infoworld","InfoWorld","https://www.infoworld.com/submit"
"instagram-business","Instagram Business","https://business.instagram.com/getting-started"
"instapaper","InstaPaper","https://www.instapaper.com/submit"
"justdial","Justdial","https://www.justdial.com/free-listing"
"kompass","Kompass","https://www.kompass.com/selectcountry/?language=en&pageid=registration"
"lacartes","Lacartes","https://www.lacartes.com/business/add"
"linkedin-company","LinkedIn Company Pages","https://www.linkedin.com/company/setup/new/"
"local-business-guide","Local Business Guide","https://www.localbusinessguide.com.au/add-business/"
"localstack","LocalStack","https://www.localstack.com/biz/add-listing"
"mac-stories","Mac Stories","http://www.macstories.net/submit"
"make-rs","Make.rs","https://make.rs/submit"
"make-use-of","Make Use of","https://www.makeuseof.com/contributor/submit"
"makerlog","Makerlog","https://getmakerlog.com/submit"
"makerpad","Makerpad","https://www.makerpad.co/submit"
"makeuseof","MakeUseOf","http://www.makeuseof.com/submit"
"manta","Manta","https://www.manta.com/claim"
"mapquest","MapQuest","https://www.mapquest.com/business/add"
"mashable","Mashable","http://mashable.com/submit"
"mashable-india","Mashable India","https://in.mashable.com/submit"
"media-index-kochava","Media Index Kochava","https://media-index.kochava.com/submit"
"medium-publications","Medium Publications","https://medium.com/p/write"
"merchant-circle","Merchant Circle","https://www.merchantcircle.com/signup"
"microsoft-appsource","Microsoft AppSource","https://partner.microsoft.com/en-us/dashboard/commercial-marketplace/"
"mit-technology-review","MIT Technology Review","https://www.technologyreview.com/submit"
"monster-company","Monster Company Profiles","https://www.monster.com/employers/profile/create"
"mysheriff","MySheriff","https://www.mysheriff.com/add-business"
"n49","n49","https://www.n49.com/biz/new"
"nexport","Nexport","https://www.nexport.com/add-company"
"nextdoor-business","Nextdoor Business","https://business.nextdoor.com/get-started/"
"npm-registry","NPM Registry","https://www.npmjs.com/package/publish"
"nuget","NuGet Gallery","https://www.nuget.org/packages/upload"
"opendi","Opendi","https://www.opendi.com/add-company"
"openpr","openPR","https://www.openpr.com/news/submit.html"
"packagist","Packagist (PHP)","https://packagist.org/packages/submit"
"pc-world","PC World","https://www.pcworld.com/submit"
"pcmag","PCMag","https://www.pcmag.com/submit"
"pinterest-business","Pinterest Business","https://business.pinterest.com/business/create/"
"press-release-newswire","PR Newswire","https://www.prnewswire.com/news-releases/"
"prfree","PRFree","https://www.prfree.org/submit-press-release.html"
"prlog","PRLog","https://www.prlog.org/pub/"
"product-hunt","Product Hunt","https://www.producthunt.com/posts/new"
"producthunt","ProductHunt","https://producthunt.com/submit"
"psychology-today","Psychology Today","https://www.psychologytoday.com/us/submit"
"pypi","Python Package Index (PyPI)","https://pypi.org/manage/account/"
"quora","Quora","https://www.quora.com/submit"
"r-advancedentrepreneur","/r/advancedentrepreneur","https://www.reddit.com/r/advancedentrepreneur/submit"
"r-business-ideas","r/Business_Ideas","https://reddit.com/r/Business_Ideas/submit"
"r-businessideas","r/Businessideas","https://reddit.com/r/Businessideas/submit"
"r-entrepreneur","/r/Entrepreneur","https://www.reddit.com/r/Entrepreneur/submit"
"r-entrepreneurridealong","r/EntrepreneurRideAlong","https://www.reddit.com/r/EntrepreneurRideAlong/submit"
"r-entrepreneurship","r/entrepreneurship","https://reddit.com/r/entrepreneurship/submit"
"r-growmybusiness","/r/GrowMyBusiness","https://www.reddit.com/r/growmybusiness/submit"
"r-ladybusiness","/r/LadyBusiness","https://www.reddit.com/r/ladybusiness/submit"
"r-producthunters","r/ProductHunters/","https://www.reddit.com/r/ProductHunters/submit"
"r-smallbusiness","/r/SmallBusiness","https://www.reddit.com/r/smallbusiness/submit"
"r-technology","r/technology","https://reddit.com/r/technology/submit"
"r-venturecapital","r/VentureCapital","https://reddit.com/r/VentureCapital/submit"
"r-venturedcapital","r/VenturedCapital","https://reddit.com/r/VenturedCapital/submit"
"read-cv","Read .cv","http://read.cv/submit"
"reddit-business","Reddit Business Subreddits","https://www.reddit.com/submit"
"robin-good-s-t5","Robin Good's T5","http://tools.robingood.com/submit"
"rubygems","RubyGems","https://rubygems.org/gems/new"
"saas-ai-tools","SaaS AI Tools","https://saasaitools.com/submit"
"saasworthy","SaaSworthy","https://www.saasworthy.com/add-product"
"salesforce-appexchange","Salesforce AppExchange","https://partners.salesforce.com/"
"shopify-exchange","Shopify Partner Directory","https://partners.shopify.com/signup"
"showmelocal","ShowMeLocal","https://www.showmelocal.com/add-business"
"siliconangle","SiliconANGLE","https://siliconangle.com/submit"
"sitejabber","Sitejabber","https://www.sitejabber.com/submit"
"sitepoint-forums","SitePoint Forums","https://www.sitepoint.com/community/submit"
"slack-app-directory","Slack App Directory","https://api.slack.com/apps"
"slate","Slate","https://slate.com/pitch/submit"
"slide-share","Slide Share","https://www.slideshare.net/submit"
"smashing-magazine","Smashing Magazine","https://www.smashingmagazine.com/submit"
"softonic","Softonic","https://en.softonic.com/android/submit"
"softwareworld","SoftwareWorld","https://www.softwareworld.co/submit"
"solo-to","solo to","https://solo.to/submit"
"sourceforge","SourceForge","https://sourceforge.net/software/vendors/new/submit"
"spoke","Spoke","https://www.spoke.com/companies/add"
"spotify-artists","Spotify for Artists","https://artists.spotify.com/"
"startup-base","Startup Base","https://startupbase.io/submit"
"startup-digest-more-than-just-a-newsletter-techstars","Startup Digest: More Than Just a Newsletter | Techstars","https://www.techstars.com/communities/startup-digest/submit"
"stripe","Stripe","https://stripe.com/en-in/partner-proqram/submit"
"superpages","Superpages","https://www.superpages.com/bp/claim-listing"
"tech-co","Tech.co","https://tech.co/submit"
"tech-directory","Tech directory","http://techdirectory.io/get-listed/submit"
"tech-faster","Tech Faster","http://techfaster.com/submit-your-company/submit"
"tech-in-asia","Tech in Asia","https://www.techinasia.com/companies/create/submit"
"tech-pluto","Tech Pluto","https://techpluto.com/submit"
"tech-time","Tech | Time","https://time.com/section/tech/submit"
"tech-tools-directory","Tech Tools Directory","https://www.nocode.tech/tools/submit"
"techboard","Techboard","https://techboard.com.au/submit"
"techcrunch","TechCrunch","https://techcrunch.com/submit"
"techdirectory","TechDirectory","https://www.techdirectory.io/submit"
"techendo","Techendo","http://techendo.com/beta/submit"
"techli","Techli","https://techli.com/submit"
"techlondon","TechLondon","https://techlondon.io/submit"
"techmasters","#TechMasters","https://techmasters.chat/submit"
"technologyadvice","TechnologyAdvice","https://technologyadvice.com/submit"
"techpluto","TechPluto","http://www.techpluto.com/submit-a-startup/submit"
"techrepublic","TechRepublic","https://www.techrepublic.com/submit"
"techtarget-com","TechTarget","https://www.techtarget.com/add-business"
"the-register-uk","The Register UK","http://www.theregister.co.uk/submit"
"the-startup-inc","The Startup INC","https://www.thestartupinc.com/submit"
"the-verge","The Verge","https://www.theverge.com/submit"
"the-wall-street-journal","The Wall Street Journal","https://www.wsj.com/submit"
"thomasnet","Thomasnet","https://www.thomasnet.com/nsearch/create-free-listing"
"thumbtack","Thumbtack","https://www.thumbtack.com/business/start"
"towards-data-science","Towards Data Science","https://towardsdatascience.com/submit"
"tripadvisor","TripAdvisor Business","https://www.tripadvisor.com/Owners/Claim"
"trustpilot","Trustpilot","https://business.trustpilot.com/signup"
"tupalo","Tupalo","https://www.tupalo.com/add-place"
"twitter-business","Twitter Business","https://business.twitter.com/en/basics/create-a-business-profile.html"
"usa-businessdirectory-cc","Business Directory CC","https://usa.businessdirectory.cc/submit"
"uses-tech","uses.tech","https://uses.tech/submit"
"venture-beat","Venture Beat","https://venturebeat.com/submit"
"venture-radar","Venture Radar","https://www.ventureradar.com/database/submit"
"venture-village","Venture Village","http://venturevillage.eu/submit"
"venturebeat-profiles","VentureBeat Profiles","https://www.vbprofiles.com/submit"
"waze-business","Waze Business","https://www.waze.com/business/"
"webwiki","WebWiki","https://www.webwiki.com/info/add-website.html/submit"
"whitepages","White Pages","https://www.whitepages.com/business/add-my-business"
"wincyspider-com","WincySpider","http://www.wincyspider.com/add-business"
"wired","Wired","http://www.wired.com/submit"
"women-in-technology","Women in Technology","http://witchat.github.io/submit"
"wordpress-plugin-directory","WordPress Plugin Directory","https://wordpress.org/plugins/developers/add/"
"wp-newsify","WP Newsify","https://wpnewsify.com/submit"
"yahoo-small-business","Yahoo Small Business Directory","https://smallbusiness.yahoo.com/local-listings"
"yell","Yell (UK)","https://www.yell.com/s/add-free-listing.html"
"yellowbot","Yellowbot","https://www.yellowbot.com/add-business"
"yellowpages","Yellow Pages","https://listings.yellowpages.com/claim"
"yelp","Yelp for Business","https://business.yelp.com/signup"
"yourstory","YourStory","https://yourstory.com/submit"
"youtube-creator","YouTube Creator","https://www.youtube.com/channel_switcher"
"zapier-integrations","Zapier App Directory","https://developer.zapier.com/"
"zaubee","Zaubee","https://www.zaubee.com/add-business"
"zillow","Zillow","https://www.zillow.com/agent-resources/"
"zipleaf","Zipleaf","https://www.zipleaf.com/Companies/Add"
"furlough","Furlough","https://discord.com/invite/UrFqwSwxvN/submit"
"loqol-startup-community","Loqol Startup Community","https://discord.gg/79X3j8NHGE/submit"
"openai-discord-server","OpenAI discord Server","https://discord.gg/openai/submit"
"retool-discord-server","Retool Discord Server","https://discord.com/invite/aEHwpVd7yF/submit"
"startup-india","Startup India","https://discord.gg/jtESvh9Pg5/submit"
"advertise-your-startup","Advertise Your Startup","https://discord.com/invite/JcGuNVM/submit"
"creatorhub-startups-projects","CreatorHub - Startups & Projects","https://discord.com/invite/yDkR7veK/submit"
"furlough-community","Furlough Community","https://discord.com/invite/furlough/submit"
"startups","Startups","https://discord.gg/9qsrDuEeZS/submit"
